{"noiseKey":{"private":{"type":"Buffer","data":"UCJ/MTYZ0SB2LZJ+r14R0q7LrpW10EFfDq0slTgmfnI="},"public":{"type":"Buffer","data":"dWxaKSuP6eb7pY99J7lJW1rioX+C1//nk17ve3lAYk4="}},"pairingEphemeralKeyPair":{"private":{"type":"Buffer","data":"uLh6v4CQiAY1DIGZrxVerm4q6KeD0gh58K5XYBjYRF0="},"public":{"type":"Buffer","data":"4MwubfgXeW9NurgILwtYcddi2bq4FbHccY+TOl6pM18="}},"signedIdentityKey":{"private":{"type":"Buffer","data":"wHMIPiUAfKhz8QULwH8lQJRw6oVBMX/sE6JV741wQFA="},"public":{"type":"Buffer","data":"BmnApkH93c6fezHtBxlKZAZj0nu6SPJ0S3+x0P4HpQY="}},"signedPreKey":{"keyPair":{"private":{"type":"Buffer","data":"OFMsUL6DofgbVv4Z6xUSXxaSIekRCJPMFBv//3kXDFY="},"public":{"type":"Buffer","data":"YAZ1jc01qI0nIqYb2UI0SVm373Nqu47ibdQox0hZYwE="}},"signature":{"type":"Buffer","data":"hW7rTzajZboyba3MEQH9ADrIHr/B8hG/E6pGcFrMVzbqand55zHgsYPXkA3xFkCmE6+yZwAd4TxA6ed+QiBhgg=="},"keyId":1},"registrationId":60,"advSecretKey":"nflQggdVzv3jg18/jP+JrvOZirWX+wCnv+6ecN0DXDs=","processedHistoryMessages":[],"nextPreKeyId":31,"firstUnuploadedPreKeyId":31,"accountSyncCounter":0,"accountSettings":{"unarchiveChats":false},"registered":true,"pairingCode":"31APNWYQ","me":{"id":"12136061765:35@s.whatsapp.net","name":"~ᡕᠵ᠊ᡃ່࡚ࠢ࠘⸝່ࠡ᠊߯ᡁࠣ࠘᠊᠊ࠢ࠘气亠MoEᡕᠵ᠊ᡃ່࡚ࠢ࠘⸝່ࠡ᠊߯ᡁࠣ࠘᠊᠊ࠢ࠘气亠"},"account":{"details":"CMCmu4wMEIm9/8UGGAUgACgA","accountSignatureKey":"iwqbB0Cl0GIX4uyubY4GBGSckK1jVvzcxMp43Pah8kk=","accountSignature":"BrNSI7twHxhAB5VeytLar8r8/k6+m2/SGz/EB52YamN9vguk/g2C7dDZqh7Tmnw9Z3LGurv+IgP8+Kv61uCTgQ==","deviceSignature":"k9BTPMRA09fq/j0SueNKkydxnx31MWfUfnX709cRd1HpDsoWWzAf/jRP46T3XysZyvZ32cZg2XviyRnbBEZuiw=="},"signalIdentities":[{"identifier":{"name":"12136061765:35@s.whatsapp.net","deviceId":0},"identifierKey":{"type":"Buffer","data":"BYsKmwdApdBiF+Lsrm2OBgRknJCtY1b83MTKeNz2ofJJ"}}],"platform":"smbi","routingInfo":{"type":"Buffer","data":"CBIIBQ=="},"lastAccountSyncTimestamp":1757404812}